{"xgboost": {"classifier__learning_rate": 0.004488508279202691, "classifier__max_depth": 9, "classifier__n_estimators": 540, "classifier__gamma": 0.002840482713525974, "classifier__subsample": 0.8484177039103644, "classifier__colsample_bytree": 0.650272823388611, "classifier__reg_alpha": 4.144436949799777e-06, "classifier__reg_lambda": 0.08001322704516, "classifier__min_child_weight": 8.510567633365987}}